date,skill,model,input_tokens,output_tokens,cache_read,cache_creation
2026-05-17,heartbeat,claude-opus-4-7,619,3420,298668,27925
2026-05-17,heartbeat,claude-opus-4-7,21,4209,659952,30136
2026-05-18,heartbeat,claude-opus-4-7,19,3465,562228,28492
2026-05-18,heartbeat,claude-opus-4-7,17,4264,467774,30230
2026-05-18,heartbeat,claude-opus-4-7,12,3993,305674,30180
2026-05-19,heartbeat,claude-opus-4-7,15,9279,439143,37574
2026-05-20,heartbeat,claude-opus-4-7,199,3512,204522,29644
2026-05-20,heartbeat,claude-opus-4-7,200,3219,246710,28563
2026-05-20,heartbeat,claude-opus-4-7,16,4599,432711,30038
2026-05-21,heartbeat,claude-opus-4-7,12,3059,305238,29310
2026-05-21,heartbeat,claude-opus-4-7,13,3337,340171,29436
2026-05-21,heartbeat,claude-opus-4-7,11,3101,250754,29601
2026-05-22,heartbeat,claude-opus-4-7,19,3700,574848,29211
2026-05-22,heartbeat,claude-opus-4-7,18,3262,523755,29193
2026-05-22,heartbeat,claude-opus-4-7,17,3306,482194,29594
2026-05-23,heartbeat,claude-opus-4-7,202,4342,331066,49419
2026-05-23,heartbeat,claude-opus-4-7,15,3979,296732,29713
2026-05-23,heartbeat,claude-opus-4-7,15,4142,305595,30524
2026-05-24,heartbeat,claude-opus-4-7,8755,4098,255991,30876
2026-05-24,heartbeat,claude-opus-4-7,17,5083,347285,30801
2026-05-24,heartbeat,claude-opus-4-7,200,3985,280796,48626
2026-05-25,heartbeat,claude-opus-4-7,424,4475,264376,31248
2026-05-26,heartbeat,claude-opus-4-7,15,8845,309070,34659
2026-05-27,heartbeat,claude-opus-4-7,15,4320,289917,30613
2026-05-27,heartbeat,claude-opus-4-7,202,3556,339807,29103
2026-05-28,heartbeat,claude-opus-4-7,19,2932,570512,28022
2026-05-28,heartbeat,claude-opus-4-7,19,3974,678647,29550
2026-05-29,heartbeat,claude-opus-4-7,19,3059,672393,29097
2026-05-29,heartbeat,claude-opus-4-7,201,3030,353346,28737
2026-05-30,heartbeat,claude-opus-4-7,18,3284,610271,29482
2026-05-30,heartbeat,claude-opus-4-7,13,4743,389623,30734
2026-05-30,heartbeat,claude-opus-4-7,13,3850,405999,30002
2026-05-31,heartbeat,claude-opus-4-7,18,3114,635375,28748
2026-05-31,heartbeat,claude-opus-4-7,16,3555,524133,29656
2026-05-31,heartbeat,claude-opus-4-7,19,4111,684382,30523
2026-06-01,heartbeat,claude-opus-4-7,13,8406,419895,35587
2026-06-02,heartbeat,claude-opus-4-7,12,3502,364595,30005
2026-06-03,heartbeat,claude-opus-4-7,11,3793,293971,29725
2026-06-03,heartbeat,claude-opus-4-7,19,4393,676077,29667
2026-06-04,heartbeat,claude-opus-4-7,16,3345,513708,29214
2026-06-04,heartbeat,claude-opus-4-7,12,6266,375587,33097
2026-06-04,heartbeat,claude-opus-4-7,12,4352,347152,30974
2026-06-05,heartbeat,claude-opus-4-7,13,3174,413338,30643
2026-06-05,heartbeat,claude-opus-4-7,10,3385,252854,30535
2026-06-05,heartbeat,claude-opus-4-7,20,4280,699034,25629
2026-06-06,heartbeat,claude-opus-4-7,17,3410,596183,31505
2026-06-06,heartbeat,claude-opus-4-7,17,2852,580034,27956
2026-06-06,heartbeat,claude-opus-4-7,15,3867,479608,30902
2026-06-07,heartbeat,claude-opus-4-7,12,3357,360225,31209
2026-06-07,heartbeat,claude-opus-4-7,13,4001,417850,31795
2026-06-07,heartbeat,claude-opus-4-7,12,4598,365708,33002
2026-06-08,heartbeat,claude-opus-4-7,10,3082,263696,30737
2026-06-08,heartbeat,claude-opus-4-7,16,6560,523649,33966
2026-06-09,heartbeat,claude-opus-4-7,9018,2953,252729,30404
2026-06-09,heartbeat,claude-opus-4-7,13,3481,409671,29963
2026-06-09,heartbeat,claude-opus-4-7,19,4701,691391,31368
2026-06-10,heartbeat,claude-opus-4-7,11,3109,317387,30660
2026-06-10,heartbeat,claude-opus-4-7,360,6082,301525,33625
2026-06-11,heartbeat,claude-opus-4-7,19,5031,682098,32320
2026-06-11,heartbeat,claude-opus-4-7,11,4409,305652,31198
2026-06-12,heartbeat,claude-opus-4-7,19,3844,693639,30745
2026-06-12,heartbeat,claude-opus-4-7,426,3479,314571,30162
2026-06-12,heartbeat,claude-opus-4-7,18,3886,629847,30844
2026-06-13,heartbeat,claude-opus-4-7,8605,3330,345133,30834
2026-06-13,heartbeat,claude-opus-4-7,359,3222,251949,30233
2026-06-14,heartbeat,claude-opus-4-7,13,4240,415765,32411
2026-06-14,heartbeat,claude-opus-4-7,16,4339,520469,30867
2026-06-14,heartbeat,claude-opus-4-7,425,4306,261446,31286
2026-06-15,heartbeat,claude-opus-4-7,22,4702,852357,32700
2026-06-16,heartbeat,claude-opus-4-7,11,4201,310255,31636
2026-06-16,heartbeat,claude-opus-4-7,19,5323,689687,32124
2026-06-17,heartbeat,claude-opus-4-7,12,3487,371424,31042
2026-06-17,heartbeat,claude-opus-4-7,22,6521,814851,33995
2026-06-18,heartbeat,claude-opus-4-7,19,4416,660736,26466
2026-06-18,heartbeat,claude-opus-4-7,10,3604,261500,30720
2026-06-19,heartbeat,claude-opus-4-7,22,4065,802763,27236
2026-06-19,heartbeat,claude-opus-4-7,19,3209,692334,30395
2026-06-20,heartbeat,claude-opus-4-7,17,3239,583200,30965
2026-06-20,heartbeat,claude-opus-4-7,12,3270,356686,30357
2026-06-20,heartbeat,claude-opus-4-7,18,3549,626011,30163
2026-06-21,heartbeat,claude-opus-4-7,12,3696,361960,31793
2026-06-21,heartbeat,claude-opus-4-7,12,3097,357472,30831
2026-06-22,heartbeat,claude-opus-4-7,362,4561,404665,33368
2026-06-23,heartbeat,claude-opus-4-7,11,4546,303955,32018
2026-06-23,heartbeat,claude-opus-4-7,8603,3697,252745,30553
2026-06-23,heartbeat,claude-opus-4-7,15,3388,450327,30476
2026-06-24,heartbeat,claude-opus-4-7,21,4333,765659,32331
2026-06-24,heartbeat,claude-opus-4-7,19,3475,644560,30752
2026-06-24,heartbeat,claude-opus-4-7,425,3261,254620,31447
2026-06-25,heartbeat,claude-opus-4-7,13,3990,420853,33068
2026-06-25,heartbeat,claude-opus-4-7,18,3022,609639,30697
2026-06-25,heartbeat,claude-opus-4-7,16,4003,518112,31942
2026-06-26,heartbeat,claude-opus-4-7,18,3748,622569,32255
2026-06-26,heartbeat,claude-opus-4-7,360,4461,296728,32048
2026-06-26,heartbeat,claude-opus-4-7,19,4937,655645,32764
2026-06-27,heartbeat,claude-opus-4-7,18,3154,607375,30156
2026-06-27,heartbeat,claude-opus-4-7,359,2889,243817,30434
2026-06-27,heartbeat,claude-opus-4-7,17,4041,568996,31955
2026-06-28,heartbeat,claude-opus-4-7,8604,3275,287305,31921
2026-06-28,heartbeat,claude-opus-4-7,11,3287,306169,30875
2026-06-28,heartbeat,claude-opus-4-7,11,3839,309813,32584
2026-06-29,heartbeat,claude-opus-4-7,360,6630,302022,35158
2026-06-30,heartbeat,claude-opus-4-7,20,3312,718143,31264
2026-06-30,heartbeat,claude-opus-4-7,18,3598,613914,30150
2026-07-01,heartbeat,claude-opus-4-7,17,4134,565787,31319
2026-07-01,heartbeat,claude-opus-4-7,18,2930,623139,29838
2026-07-02,heartbeat,claude-opus-4-7,18,4072,644928,32040
2026-07-02,heartbeat,claude-opus-4-7,18,4348,648320,32067
2026-07-02,heartbeat,claude-opus-4-7,20,4827,712328,33243
2026-07-03,heartbeat,claude-opus-4-7,11,4031,304180,32613
2026-07-03,heartbeat,claude-opus-4-7,20,3869,719530,31599
2026-07-03,heartbeat,claude-opus-4-7,16,3201,523489,31967
2026-07-04,heartbeat,claude-opus-4-7,13,4583,408642,32773
2026-07-04,heartbeat,claude-opus-4-7,359,3156,254084,31996
2026-07-04,heartbeat,claude-opus-4-7,434,3371,307684,31878
2026-07-05,heartbeat,claude-opus-4-7,17,2780,571968,30079
2026-07-05,heartbeat,claude-opus-4-7,18,2912,636456,30751
2026-07-05,heartbeat,claude-opus-4-7,16,2897,546961,31154
2026-07-06,heartbeat,claude-opus-4-7,12,4729,368999,33961
2026-07-06,heartbeat,claude-opus-4-7,11,3852,315009,31922
2026-07-07,heartbeat,claude-opus-4-7,14,4333,435826,28679
2026-07-07,heartbeat,claude-opus-4-7,12,3713,356549,31382
2026-07-07,heartbeat,claude-opus-4-7,20,3756,731636,31739
2026-07-08,heartbeat,claude-opus-4-7,13,2921,414289,31435
2026-07-08,heartbeat,claude-opus-4-7,361,3280,347855,31199
2026-07-08,heartbeat,claude-opus-4-7,12,3253,349934,31868
2026-07-09,heartbeat,claude-opus-4-7,10,3114,263966,32278
2026-07-09,heartbeat,claude-opus-4-7,18,3118,620782,31319
2026-07-09,heartbeat,claude-opus-4-7,11,3999,301393,33365
2026-07-10,heartbeat,claude-opus-4-7,12,4018,368239,33257
2026-07-10,heartbeat,claude-opus-4-7,17,3350,568218,31316
2026-07-11,heartbeat,claude-opus-4-7,362,3866,405441,32552
2026-07-11,heartbeat,claude-opus-4-7,11,4298,312273,31854
2026-07-11,heartbeat,claude-opus-4-7,425,4386,262409,32347
2026-07-12,heartbeat,claude-opus-4-7,19,3878,683649,31145
2026-07-12,heartbeat,claude-opus-4-7,22,3855,843281,32200
2026-07-12,heartbeat,claude-opus-4-7,426,3237,294706,31838
2026-07-13,heartbeat,claude-opus-4-7,14,5093,488812,34350
2026-07-13,heartbeat,claude-opus-4-7,18,3786,612546,32070
2026-07-14,heartbeat,claude-opus-4-7,16,3094,538622,30098
